00012890_001.png,Consolidation
00012890_003.png,No Finding
00012891_000.png,Mass|Nodule
00012891_001.png,Mass
00012891_002.png,Emphysema|Nodule
00012891_003.png,Nodule
00012891_004.png,Atelectasis|Emphysema|Mass
00012891_005.png,Mass|Nodule
00012891_006.png,Mass
00012891_007.png,Mass
00012891_008.png,Mass
00012891_009.png,Nodule
00012891_010.png,Infiltration|Nodule
00012891_011.png,Nodule
00012891_012.png,Atelectasis|Nodule
00012892_000.png,No Finding
00012892_001.png,No Finding
00012892_002.png,No Finding
00012892_003.png,No Finding
00012892_004.png,Emphysema|Mass
